﻿Designator,Quantity,Value,Footprint,Package,MPN,DNP,Mount_Type,Custom_DNP,Digikey_PN,Voltage,populate,Mouser_PN,Alternate
C1,1,100nF,C_0603_1608Metric,,GCM188R71H104KA57D,Yes,smt, ,490-4779-1-ND,50V,,,
C10,1,18pF,C_0603_1608Metric,,CGA3E2C0G1H180J080AA,Yes,smt, ,445-5631-1-ND,50V,,,
"C100, C110, C144, C28, C29, C45, C46",7,1uF,C_0603_1608Metric,,CGA3E1X7R1C105K080AC,,smt,,445-12539-1-ND,,,,
C101,1,100nF,C_0603_1608Metric,,GCM188R71H104KA57D,Yes,smt,< ... >,490-4779-1-ND,,,,
C102,1,100nF,C_0603_1608Metric,,GCM188R71H104KA57D,Yes,smt,< ... >,490-4779-1-ND,,,,
"C103, C104, C107, C108, C109, C111, C112, C113, C114, C115, C116, C119, C130, C136, C14, C146, C147, C148, C149, C150, C151, C152, C153, C154, C155, C156, C157, C158, C159, C160, C161, C162, C163, C164, C165, C166, C167, C168, C169, C170, C171, C18, C19, C20, C24, C27, C30, C31, C32, C33, C34, C35, C36, C37, C38, C39, C40, C41, C42, C48, C49, C50, C51, C52, C53, C54, C55, C56, C57, C58, C59, C60, C63, C97",74,100nF,C_0603_1608Metric,,GCM188R71H104KA57D,,smt,,490-4779-1-ND,,y,,
"C105, C22, C23",3,10uF,C_1206_3216Metric,,CL31B106KOHVPNE,,smt,,1276-6797-1-ND,,,,
"C106, C120, C121, C124, C125, C126, C127, C128, C131, C132, C135, C137, C172, C173, C174, C175, C176, C178, C25, C61, C65, C71, C72, C73, C74, C75, C76, C77, C78, C79, C80, C81, C82, C83, C84, C85, C86, C87, C88, C89, C90, C91, C92, C93, C94, C95, C98",47,10nF,C_0603_1608Metric,,GCM188R72A103KA37D,,smt,,490-4781-1-ND,,y,,
C11,1,18pF,C_0603_1608Metric,,CGA3E2C0G1H180J080AA,Yes,smt, ,445-5631-1-ND,50V,,,
C117,1,22u,CP_Radial_D10.0mm_P5.00mm,,UCS2C220MPD,,tht,,493-14364-ND,,,,
"C118, C122",2,1u,C_2220_5650Metric,,C5750X7R2E105M230KA,,smt,,445-4532-1-ND,,,,
"C12, C13, C15, C16, C17, C26, C43",7,100nF,C_1206_3216Metric,,CGA5L3X7R2E104K160AA,,smt,,445-5851-1-ND,,,,
C123,1,100nF,C_0603_1608Metric,,GCM188R71H104KA57D,Yes,smt,< ... >,490-4779-1-ND,,,,
"C129, C134",2,1nF,C_0603_1608Metric,,CGA3E2X7R1H102K080AA,,smt,,445-5659-1-ND,,,,
C133,1,47u,CP_Elec_6.3x5.9,,16SLV47M6.3X6.1,,smt,,1189-16SLV47M6.3X6.1CT-ND,,,,
C138,1,100nF,C_0603_1608Metric,,GCM188R71H104KA57D,Yes,smt,< ... >,490-4779-1-ND,,,,
C139,1,100nF,C_0603_1608Metric,,GCM188R71H104KA57D,Yes,smt,< ... >,490-4779-1-ND,,,,
C140,1,100nF,C_0603_1608Metric,,GCM188R71H104KA57D,Yes,smt,< ... >,490-4779-1-ND,,,,
C141,1,100nF,C_0603_1608Metric,,GCM188R71H104KA57D,Yes,smt,< ... >,490-4779-1-ND,,,,
C142,1,100nF,C_0603_1608Metric,,GCM188R71H104KA57D,Yes,smt,< ... >,490-4779-1-ND,,,,
C143,1,100nF,C_0603_1608Metric,,GCM188R71H104KA57D,Yes,smt,< ... >,490-4779-1-ND,,,,
"C145, C21, C67, C68, C69, C70",6,18pF,C_0603_1608Metric,,CGA3E2C0G1H180J080AA,,smt,,445-5631-1-ND,,y,,
"C177, C62, C66",3,4u7,C_1206_3216Metric,,CGA5L3X7R1H475K160AE,,smt,,445-172481-1-ND,,y,,
C2,1,100nF,C_0603_1608Metric,,GCM188R71H104KA57D,Yes,smt, ,490-4779-1-ND,50V,,,
C3,1,100nF,C_0603_1608Metric,,GCM188R71H104KA57D,Yes,smt, ,490-4779-1-ND,50V,,,
C4,1,100nF,C_0603_1608Metric,,GCM188R71H104KA57D,Yes,smt, ,490-4779-1-ND,50V,,,
C44,1,100nF,C_0603_1608Metric,,GCM188R71H104KA57D,Yes,smt,< ... >,490-4779-1-ND,,,,
C47,1,100nF,C_0603_1608Metric,,GCM188R71H104KA57D,Yes,smt,< ... >,490-4779-1-ND,,,,
C5,1,100nF,C_0603_1608Metric,,GCM188R71H104KA57D,Yes,smt, ,490-4779-1-ND,50V,,,
C6,1,100nF,C_0603_1608Metric,,GCM188R71H104KA57D,Yes,smt, ,490-4779-1-ND,50V,,,
C64,1,100nF,C_0603_1608Metric,,GCM188R71H104KA57D,Yes,smt, ,490-4779-1-ND,50V,,,
C7,1,100nF,C_0603_1608Metric,,GCM188R71H104KA57D,Yes,smt, ,490-4779-1-ND,50V,,,
C8,1,10uF,C_1206_3216Metric,,CL31B106KOHVPNE,Yes,smt, ,1276-6797-1-ND,50V,,,
C9,1,100nF,C_0603_1608Metric,,GCM188R71H104KA57D,Yes,smt, ,490-4779-1-ND,50V,,,
C96,1,100nF,C_0603_1608Metric,,GCM188R71H104KA57D,Yes,smt, ,490-4779-1-ND,50V,,,
C99,1,100nF,C_0603_1608Metric,,GCM188R71H104KA57D,Yes,smt,< ... >,490-4779-1-ND,,,,
"D1, D14, D16, D19, D2, D3, D31, D35, D37",9,D_Schottky,D_SOD-123F,,RS1GFA,,smt,,S215FACT-ND,,,,
"D10, D12, D15, D17, D18, D21, D24, D27, D30, D33, D36, D39, D42, D46, D48, D51, D54, D57, D60, D63, D66, D69, D7, D72, D75, D78, D81, D9",28,12V,D_SOD-323F,,MM3Z12VC,,smt,,MM3Z12VCCT-ND,,,,
"D11, D13, D38, D4, D40, D41, D83",7,D_Schottky,D_SMA,,STPS1150A,,smt,,497-7545-1-ND,,y,,
"D22, D23, D25, D8",4,D_TVS,D_SMB,,SMBJ120A-13-F,,smt,,SMBJ120A-FDICT-ND,,,,
"D26, D5",2,D_TVS,D_SMA,,SMAJ60A-13-F,,smt,,SMAJ60A-FDICT-ND,,,,
"D28, D29, D85, D89",4,D_Schottky_Dual_CommonAnode_AKK,D_SOT-23_ANK,,ESDCAN24-2BLY,,smt,,1727-5397-1-ND,,,,
"D45, D6, D84",3,D_LED,D_0603_1608Metric,,LTST-C191KRKT,,smt,,160-1447-1-ND,,y,,
"H1, H2, H3, H4, H5",5,MountingHole_Pad,MountingHole_3.2mm_M3_Pad_Via,,,,tht,,,,,,
J1,1,Conn_01x07,JST_XH_B7B-XH-A_1x07_P2.50mm_Vertical,,,,tht,,,,,,
"J10, J17, J18, J19",4,7807,7807,,7807,,tht,,36-7807-ND ,,,,
"J11, J9",2,Conn_01x04,JST_XH_B4B-XH-A_1x04_P2.50mm_Vertical,,,,tht,,,,,,
"J12, J15, J16, J20",4,Conn_01x02,JST_XH_B2B-XH-A_1x02_P2.50mm_Vertical,,,,tht,,,,,,
J13,1,Conn_01x06,JST_XH_B6B-XH-A_1x06_P2.50mm_Vertical,,,Yes,tht, ,,,,,
J14,1,USB_B_Micro,USB_Micro-B_Molex-105017-0001,,,Yes,smt, ,,,,,
"J2, J3, J4",3,Conn_01x06,JST_XH_B6B-XH-A_1x06_P2.50mm_Vertical,,,,tht,,,,,,
J21,1,Conn_01x04,JST_XH_B3B-XH-A_1x03_P2.50mm_Vertical,,,,tht,,,,,,
"J5, J6, J7, J8",4,Conn_02x06_Odd_Even,PinHeader_2x06_P2.54mm_Vertical,,,,tht,,,,,,
L1,1,L_Ferrite,L_0603_1608Metric,,742792609,Yes,smt, ,732-1591-1-ND,,,,
"L10, L2, L4, L5, L8, L9",6,L_Ferrite,L_0603_1608Metric,,742792609,,smt,,732-1591-1-ND,,,,
L3,1,47u,Inductor_Taiyo-Yuden_NR-60xx,,NR6028T470M,,smt,,587-2104-1-ND,,,,
L6,1,L_Coupled,ACT45B,,B82787C0513H002,,tht,,495-4597-1-ND,,y,,
NT1,1,Net-Tie_2,Net_Tie-0.5mm,,,,tht,,,,,,
"Q1, Q16, Q17, Q2, Q34",5,Q_NMOS_GSD,SOT-23,,TN5335K1-G,,smt,,TN5335K1-GCT-ND,,,,
"Q10, Q11, Q12, Q13, Q14, Q15, Q19, Q20, Q21, Q22, Q23, Q24, Q25, Q26, Q27, Q28, Q29, Q30, Q4, Q5, Q6, Q7, Q8, Q9",24,Q_PMOS_GSD,SOT-23,,SI2301S-2.3A,,smt,,1801-TSM2301ACXRFGCT-ND,,,,
"Q18, Q3, Q31",3,Q_PMOS_GSD,SOT-23,,TP5335K1-G,,smt,,TP5335K1-GCT-ND,,,,
"Q32, Q33, Q44, Q54",4,Q_DUAL_NMOS_PMOS,SOT-363_SC-70-6,,US6M2TR,,smt,,US6M2CT-ND,,,,
Q35,1,Q_PMOS_GDS,TO-263-2,,FQB12P20TM,,smt,,FQB12P20TMCT-ND,,,,
"Q42, Q43, Q45, Q46, Q47, Q48, Q49, Q50",8,NTB5D0N15MC,TO-263-2,,NTB5D0N15MC,,smt,,,,,863-NTB5D0N15MC,
"Q55, Q56",2,"TPH3300CNH,L1Q",POWER_SO8,,"TPH3300CNH,L1Q",,smt,,TPH3300CNHL1QCT-ND,,,,
"Q58, Q59",2,RQ3G100GNTB,LFPAK33,,RQ3G100GNTB,,smt,,RQ3G100GNTBCT-ND,,,,
R1,1,10k0,R_0603_1608Metric,,AC0603FR-0710KL,Yes,smt, ,311-10KLDCT-ND,,,,
R10,1,10k0,R_0603_1608Metric,,AC0603FR-0710KL,Yes,smt,< ... >,311-10KLDCT-ND,,,,
"R100, R104, R108, R112, R116, R120, R124, R128, R24, R28, R32, R36, R40, R44, R48, R52, R56, R60, R64, R68, R84, R88, R92, R96",24,3k3,R_0603_1608Metric,,RMCF0603JT3K30,,smt,,RMCF0603JT3K30CT-ND,,,,
"R101, R105, R109, R113, R117, R121, R125, R21, R25, R29, R33, R37, R41, R45, R49, R53, R57, R61, R65, R81, R85, R89, R93, R97",24,15R0,Resistor_SMD_0805_Wide,,WK73R2ATTD15R0F,,tht,,2019-WK73R2ATTD15R0FCT-ND,,,,
R102,1,10k0,R_0603_1608Metric,,AC0603FR-0710KL,Yes,smt,< ... >,311-10KLDCT-ND,,,,
"R103, R106, R107, R110, R111, R114, R115, R118, R119, R123, R127, R131, R132, R133, R135, R138, R199, R204, R205, R209, R23, R27, R30, R31, R35, R39, R43, R47, R51, R55, R59, R63, R67, R7, R82, R83, R87, R91, R95, R98, R99",41,100R,R_0603_1608Metric,,AC0603FR-07100RL,,smt,,YAG3561CT-ND,,y,,
R11,1,19k6,R_0603_1608Metric,,RMCF0603FT19K6,Yes,smt,,RMCF0603FT19K6CT-ND,,,,
R12,1,10k0,R_0603_1608Metric,,AC0603FR-0710KL,Yes,smt,< ... >,311-10KLDCT-ND,,,,
"R122, R126, R134, R139, R140, R141, R142, R143, R144, R145, R146, R147, R148, R149, R150, R151, R152, R153, R154, R155, R156, R157, R158, R159, R160, R161, R162, R163, R164, R165, R166, R167, R168, R169, R170, R171, R172, R173, R174, R175, R176, R177, R178, R179, R180, R181, R182, R183, R184, R185, R186, R189, R191, R192, R203, R207, R219, R226, R233, R238, R246, R249, R253, R254, R274, R34, R66, R80",68,10k0,R_0603_1608Metric,,AC0603FR-0710KL,,smt,,311-10KLDCT-ND,,,,
"R129, R130, R69, R9",4,20R0,R_0603_1608Metric,,RMCF0603FT20R0,,smt,,RMCF0603FT20R0CT-ND,,y,,
R13,1,10k0,R_0603_1608Metric,,AC0603FR-0710KL,Yes,smt,< ... >,311-10KLDCT-ND,,,,
"R136, R137",2,60R,R_2512_6332Metric,,RMCF2512JT62R0,,smt,,RMCF2512JT62R0CT-ND,,y,,
R14,1,1M,R_0603_1608Metric,,AC0603FR-071ML,Yes,smt,< ... >,311-1MLDCT-ND,,,,
R15,1,10k0,R_0603_1608Metric,,AC0603FR-0710KL,Yes,smt,< ... >,311-10KLDCT-ND,,,,
"R16, R5, R76",3,32k0,R_0603_1608Metric,,RN73R1JTTD3202B25,,smt,,2019-RN73R1JTTD3202B25CT-ND,,,,
"R17, R193, R38, R42, R46, R77, R90",7,100k,R_0603_1608Metric,,RMCF0603FT100K,,smt,,RMCF0603FT100KCT-ND,,,,
"R18, R211, R218, R230, R247, R78, R94",7,499k,R_0603_1608Metric,,RMCF0603FT499K,,smt,,RMCF0603FT499KCT-ND,,,,
R187,1,100R,R_0603_1608Metric,,AC0603FR-07100RL,Yes,smt, ,YAG3561CT-ND,,,,
R188,1,100R,R_0603_1608Metric,,AC0603FR-07100RL,Yes,smt, ,YAG3561CT-ND,,,,
"R19, R79",2,26k1 0.1%,R_0603_1608Metric,,RQ73C1J26K1BTD,,smt,,A140602CT-ND,,,,
R190,1,100k,R_0603_1608Metric,,RMCF0603FT100K,Yes,smt,,RMCF0603FT100KCT-ND,,,,
R194,1,10k0,R_0603_1608Metric,,AC0603FR-0710KL,Yes,smt,< ... >,311-10KLDCT-ND,,,,
R195,1,10k0,R_0603_1608Metric,,AC0603FR-0710KL,Yes,smt,< ... >,311-10KLDCT-ND,,,,
R196,1,10k0,R_0603_1608Metric,,AC0603FR-0710KL,Yes,smt,< ... >,311-10KLDCT-ND,,,,
R197,1,10k0,R_0603_1608Metric,,AC0603FR-0710KL,Yes,smt,< ... >,311-10KLDCT-ND,,,,
"R198, R252, R256",3,19k6,R_0603_1608Metric,,RMCF0603FT19K6,,smt,,RMCF0603FT19K6CT-ND,,,,
R2,1,10k0,R_0603_1608Metric,,AC0603FR-0710KL,Yes,smt, ,311-10KLDCT-ND,,,,
R20,1,1M,R_0603_1608Metric,,AC0603FR-071ML,Yes,smt,< ... >,311-1MLDCT-ND,,,,
R200,1,10k0,R_0603_1608Metric,,AC0603FR-0710KL,Yes,smt,< ... >,311-10KLDCT-ND,,,,
R201,1,10k0,R_0603_1608Metric,,AC0603FR-0710KL,Yes,smt,< ... >,311-10KLDCT-ND,,,,
"R202, R220, R221, R222, R227, R228, R231, R232, R234, R235, R248, R250, R251, R8",14,3R3,R_0603_1608Metric,,ESR03EZPJ3R3,,smt,,RHM303DCT-ND,,,,
R206,1,1M,R_0603_1608Metric,,AC0603FR-071ML,Yes,smt,< ... >,311-1MLDCT-ND,,,,
R208,1,1M,R_0603_1608Metric,,AC0603FR-071ML,Yes,smt,< ... >,311-1MLDCT-ND,,,,
R210,1,100k,R_0603_1608Metric,,RMCF0603FT100K,Yes,smt,,RMCF0603FT100KCT-ND,,,,
R212,1,1k3,R_0603_1608Metric,,~,,smt,,,,y,,
"R213, R214",2,330R,R_0603_1608Metric,,AC0603FR-07330RL,,smt,,,,y,,
R215,1,10k0,R_0603_1608Metric,,AC0603FR-0710KL,Yes,smt, ,311-10KLDCT-ND,,,,
R216,1,100k,R_0603_1608Metric,,RMCF0603FT100K,Yes,smt,,RMCF0603FT100KCT-ND,,,,
R217,1,10k0,R_0603_1608Metric,,AC0603FR-0710KL,Yes,smt,< ... >,311-10KLDCT-ND,,,,
R22,1,1k8,R_0603_1608Metric,,RMCF0603JG1K80,,smt,,RMCF0603JG1K80CT-ND,,,,
R223,1,1M,R_0603_1608Metric,,AC0603FR-071ML,Yes,smt,< ... >,311-1MLDCT-ND,,,,
R224,1,100k,R_0603_1608Metric,,RMCF0603FT100K,Yes,smt,,RMCF0603FT100KCT-ND,,,,
R225,1,1M,R_0603_1608Metric,,AC0603FR-071ML,Yes,smt,< ... >,311-1MLDCT-ND,,,,
R229,1,100k,R_0603_1608Metric,,RMCF0603FT100K,Yes,smt,,RMCF0603FT100KCT-ND,,,,
R236,1,19k6,R_0603_1608Metric,,RMCF0603FT19K6,Yes,smt,,RMCF0603FT19K6CT-ND,,,,
R237,1,10k0,R_0603_1608Metric,,AC0603FR-0710KL,Yes,smt,< ... >,311-10KLDCT-ND,,,,
R255,1,10k0,R_0603_1608Metric,,AC0603FR-0710KL,Yes,smt,< ... >,311-10KLDCT-ND,,,,
R257,1,100k,R_0603_1608Metric,,RMCF0603FT100K,Yes,smt,,RMCF0603FT100KCT-ND,,,,
"R258, R259, R260, R261, R262, R263",6,10M,R_0603_1608Metric,,RMCF0603FT10M0,,smt,,RMCF0603FT10M0CT-ND,,,,
"R26, R73",2,4k7,R_0603_1608Metric,,~,,smt,,,,y,,
"R264, R74",2,1M,R_0603_1608Metric,,AC0603FR-071ML,,smt,,311-1MLDCT-ND,,,,
R267,1,10k0,R_0603_1608Metric,,AC0603FR-0710KL,Yes,smt,< ... >,311-10KLDCT-ND,,,,
R270,1,1M,R_0603_1608Metric,,AC0603FR-071ML,Yes,smt,< ... >,311-1MLDCT-ND,,,,
R271,1,1M,R_0603_1608Metric,,AC0603FR-071ML,Yes,smt,< ... >,311-1MLDCT-ND,,,,
R272,1,1M,R_0603_1608Metric,,AC0603FR-071ML,Yes,smt,< ... >,311-1MLDCT-ND,,,,
R273,1,100k,R_0603_1608Metric,,RMCF0603FT100K,Yes,smt,,RMCF0603FT100KCT-ND,,,,
R275,1,1M,R_0603_1608Metric,,AC0603FR-071ML,Yes,smt,< ... >,311-1MLDCT-ND,,,,
R276,1,1M,R_0603_1608Metric,,AC0603FR-071ML,Yes,smt,< ... >,311-1MLDCT-ND,,,,
R277,1,1M,R_0603_1608Metric,,AC0603FR-071ML,Yes,smt,< ... >,311-1MLDCT-ND,,,,
R278,1,100k,R_0603_1608Metric,,RMCF0603FT100K,Yes,smt,,RMCF0603FT100KCT-ND,,,,
R279,1,10k0,R_0603_1608Metric,,AC0603FR-0710KL,Yes,smt,< ... >,311-10KLDCT-ND,,,,
R280,1,10k0,R_0603_1608Metric,,AC0603FR-0710KL,Yes,smt,< ... >,311-10KLDCT-ND,,,,
R282,1,10k0,R_0603_1608Metric,,AC0603FR-0710KL,Yes,smt,< ... >,311-10KLDCT-ND,,,,
R3,1,1M,R_0603_1608Metric,,AC0603FR-071ML,Yes,smt, ,311-1MLDCT-ND,,,,
R4,1,1M,R_0603_1608Metric,,AC0603FR-071ML,Yes,smt,< ... >,311-1MLDCT-ND,,,,
R50,1,100R,R_Axial_Power_L50.0mm_W9.0mm_P55.88mm,,SQP10AJB-100R,,tht,,100W-10-ND,,,,
R54,1,1M,R_0603_1608Metric,,AC0603FR-071ML,Yes,smt,< ... >,311-1MLDCT-ND,,,,
R58,1,1M,R_0603_1608Metric,,AC0603FR-071ML,Yes,smt,< ... >,311-1MLDCT-ND,,,,
R6,1,13k0,R_0603_1608Metric,,RMCF0603FT13K0,,smt,,RMCF0603FT13K0CT-ND,,,,
R62,1,100k,R_0603_1608Metric,,RMCF0603FT100K,Yes,smt,,RMCF0603FT100KCT-ND,,,,
R70,1,10k0,R_0603_1608Metric,,AC0603FR-0710KL,Yes,smt,< ... >,311-10KLDCT-ND,,,,
R71,1,10k0,R_0603_1608Metric,,AC0603FR-0710KL,Yes,smt,< ... >,311-10KLDCT-ND,,,,
R72,1,1k3,R_0603_1608Metric,,RMCF0603FT1K30,,smt,,,,y,,
R75,1,10k0,R_0603_1608Metric,,AC0603FR-0710KL,Yes,smt,< ... >,311-10KLDCT-ND,,,,
R86,1,10k0,R_0603_1608Metric,,AC0603FR-0710KL,Yes,smt,< ... >,311-10KLDCT-ND,,,,
"TH1, TH2",2,Thermistor_NTC,R_0603_1608Metric,,B57355V5104F360,,smt,,495-76084-1-ND,,,,
TP1,1,TestPoint,TestPoint_Pad_1.0x1.0mm,,,,tht,,,,,,
U1,1,PIC33EP256MC506,TQFP-64_10x10mm_P0.5mm,,DSPIC33EP64GP506-I/PT,,smt,,,,,579-33EP64GP506IPT,
"U10, U23",2,OPA320-Q1,SOT-23-5,,TLV8541DBVR,,smt,,296-47595-1-ND,,,,
"U11, U6",2,LTC6802-1,SSOP-44_5.3x12.8mm_P0.5mm,,,,smt,,,,,,
"U12, U15, U16",3,"TLX9185A(GBTPL,F",SO-4_4.4x3.9mm_P2.54mm,,"TLX9185A(GBTPL,F",,smt,,264-TLX9185A(GBTPLFCT-ND,,,,
"U13, U14",2,ADUM1281ARZ-RL7,SOIC-8_3.9x4.9mm_P1.27mm,,ADUM1281ARZ-RL7,,smt,,ADUM1281ARZ-RL7CT-ND,,,,
"U17, U26, U5",3,CD4051B,TSSOP-16_4.4x5mm_P0.65mm,,CD4051BQPWRG4Q1,,smt,,296-49580-1-ND,,,,
"U18, U22",2,LTC7001,MSOP-10-1EP_3x3mm_P0.5mm_EP1.68x1.88mm_ThermalVias,,,,smt,,,,,,
U19,1,ACS72981LLRATR-100B5,Allegro_PSOF-7_4.8x6.4mm_P1.60mm,,ACS72981LLRATR-100B5,,smt,,,,,250-72981LLRATR100B5,
U2,1,LM2931-5.0_SO8,SOIC-8_3.9x4.9mm_P1.27mm,,UA78L05ACDR,,smt,,296-11120-5-ND,,,,
U20,1,CT415-HSN820DR,SOIC-8_3.9x4.9mm_P1.27mm,,,,smt,,,,,462-CT415-HSN820DR,
U21,1,LMV393,SOIC-8_3.9x4.9mm_P1.27mm,,LMV393,,smt,,LMV393MX/NOPBCT-ND,,,,
U24,1,INA181,SOT-23-6,,INA181A2IDBVT,,smt,,296-46635-1-ND,,,,
U25,1,INA181,SOT-23-6,,INA181A3QDBVRQ1,,smt,,296-INA181A3QDBVRQ1CT-ND,,,,
U27,1,FAN3216TMX-F085,SOIC-8_3.9x4.9mm_P1.27mm,,FAN3216TMX-F085,,smt,,FAN3216TMX-F085CT-ND,,,,
U3,1,TPS73633DBV,SOT-23-5,,TLV733P-Q1,,smt,,296-TLV73330PQDBVRQ1CT-ND,,,,TLV733P-Q1
U4,1,LTC3638,Linear_MSOP-12-16-1EP_3x4mm_P0.5mm,,LTC3638,,smt,,,,,,
U7,1,FT231XS,SSOP-20_3.9x8.7mm_P0.635mm,,,,smt,,,,,,
U8,1,MCP2562-E-SN,SOIC-8_3.9x4.9mm_P1.27mm,,MCP2562-E-SN,,smt,,296-SN65HVDA1040BQDRQ1CT-ND,,,,
U9,1,TPS2551-Q1,SOT-23-6,,AP22652W6-7,,smt,,31-AP22652AW6-7CT-ND,,,,AP22652W6-7
Y1,1,8MHz,Crystal_SMD_5032-2Pin_5.0x3.2mm,,NX5032GA-8.000M-STD-CSU-1,Yes,smt, ,XC3144CT-ND,,,,
