﻿pos_x,pos_y,rotation,side,designator,mpn,pack,footprint,value,mount_type
46.075,69.225,180.0,top,C1,GCM188R71H104KA57D,,C_0603_1608Metric,100nF,smt
51.5,81.875,-90.0,top,C10,CGA3E2C0G1H180J080AA,,C_0603_1608Metric,18pF,smt
26.09,7.799,180.0,top,C100,CGA3E1X7R1C105K080AC,,C_0603_1608Metric,1uF,smt
24.026,11.029,0.0,top,C101,GCM188R71H104KA57D,,C_0603_1608Metric,100nF,smt
24.526,18.075,180.0,top,C102,GCM188R71H104KA57D,,C_0603_1608Metric,100nF,smt
78.775,104.825,0.0,top,C103,GCM188R71H104KA57D,,C_0603_1608Metric,100nF,smt
72.075,108.325,0.0,top,C104,GCM188R71H104KA57D,,C_0603_1608Metric,100nF,smt
70.775,117.225,0.0,top,C105,CL31B106KOHVPNE,,C_1206_3216Metric,10uF,smt
62.125,79.2,90.0,top,C106,GCM188R72A103KA37D,,C_0603_1608Metric,10nF,smt
62.125,108.125,0.0,top,C107,GCM188R71H104KA57D,,C_0603_1608Metric,100nF,smt
79.025,91.025,180.0,top,C108,GCM188R71H104KA57D,,C_0603_1608Metric,100nF,smt
92.55,31.6745,-90.0,top,C109,GCM188R71H104KA57D,,C_0603_1608Metric,100nF,smt
59.3,81.875,-90.0,top,C11,CGA3E2C0G1H180J080AA,,C_0603_1608Metric,18pF,smt
60.575,116.825,90.0,top,C110,CGA3E1X7R1C105K080AC,,C_0603_1608Metric,1uF,smt
83.15,31.762,-90.0,top,C111,GCM188R71H104KA57D,,C_0603_1608Metric,100nF,smt
79.475,98.025,180.0,top,C112,GCM188R71H104KA57D,,C_0603_1608Metric,100nF,smt
68.075,31.825,-90.0,top,C113,GCM188R71H104KA57D,,C_0603_1608Metric,100nF,smt
79.175,31.85,-90.0,top,C114,GCM188R71H104KA57D,,C_0603_1608Metric,100nF,smt
68.075,27.475,90.0,top,C115,GCM188R71H104KA57D,,C_0603_1608Metric,100nF,smt
79.975,26.975,0.0,top,C116,GCM188R71H104KA57D,,C_0603_1608Metric,100nF,smt
16.175,122.857323,90.0,top,C117,UCS2C220MPD,,CP_Radial_D10.0mm_P5.00mm,22u,tht
47.175,125.225,90.0,top,C118,C5750X7R2E105M230KA,,C_2220_5650Metric,1u,smt
47.22452,115.07452,180.0,top,C119,GCM188R71H104KA57D,,C_0603_1608Metric,100nF,smt
20.8,152.25,0.0,top,C12,CGA5L3X7R2E104K160AA,,C_1206_3216Metric,100nF,smt
57.317,58.453,-90.0,top,C120,GCM188R72A103KA37D,,C_0603_1608Metric,10nF,smt
31.925,65.925,-90.0,top,C121,GCM188R72A103KA37D,,C_0603_1608Metric,10nF,smt
21.675,146.575,0.0,top,C122,C5750X7R2E105M230KA,,C_2220_5650Metric,1u,smt
29.55625,111.175,0.0,top,C123,GCM188R71H104KA57D,,C_0603_1608Metric,100nF,smt
60.35,58.45,-90.0,top,C124,GCM188R72A103KA37D,,C_0603_1608Metric,10nF,smt
77.525,16.375,-90.0,top,C125,GCM188R72A103KA37D,,C_0603_1608Metric,10nF,smt
32.95,19.2,180.0,top,C126,GCM188R72A103KA37D,,C_0603_1608Metric,10nF,smt
22.375,141.575,180.0,top,C127,GCM188R72A103KA37D,,C_0603_1608Metric,10nF,smt
93.375,133.125,0.0,top,C128,GCM188R72A103KA37D,,C_0603_1608Metric,10nF,smt
36.72452,111.77452,180.0,top,C129,CGA3E2X7R1H102K080AA,,C_0603_1608Metric,1nF,smt
54.2,97.675,180.0,top,C13,CGA5L3X7R2E104K160AA,,C_1206_3216Metric,100nF,smt
39.77452,108.62452,0.0,top,C130,GCM188R71H104KA57D,,C_0603_1608Metric,100nF,smt
45.375,44.85,0.0,top,C131,GCM188R72A103KA37D,,C_0603_1608Metric,10nF,smt
58.825,58.45,-90.0,top,C132,GCM188R72A103KA37D,,C_0603_1608Metric,10nF,smt
68.911,81.525,0.0,top,C133,16SLV47M6.3X6.1,,CP_Elec_6.3x5.9,47u,smt
53.57452,110.27452,0.0,top,C134,CGA3E2X7R1H102K080AA,,C_0603_1608Metric,1nF,smt
82.075,82.825,90.0,top,C135,GCM188R72A103KA37D,,C_0603_1608Metric,10nF,smt
50.12452,105.92452,180.0,top,C136,GCM188R71H104KA57D,,C_0603_1608Metric,100nF,smt
4.075,135.825,90.0,top,C137,GCM188R72A103KA37D,,C_0603_1608Metric,10nF,smt
48.55,37.0,-90.0,top,C138,GCM188R71H104KA57D,,C_0603_1608Metric,100nF,smt
66.35,37.275,90.0,top,C139,GCM188R71H104KA57D,,C_0603_1608Metric,100nF,smt
70.6,94.475,180.0,top,C14,GCM188R71H104KA57D,,C_0603_1608Metric,100nF,smt
52.75,58.475,-90.0,top,C140,GCM188R71H104KA57D,,C_0603_1608Metric,100nF,smt
58.925,31.35,180.0,top,C141,GCM188R71H104KA57D,,C_0603_1608Metric,100nF,smt
54.975,31.375,0.0,top,C142,GCM188R71H104KA57D,,C_0603_1608Metric,100nF,smt
62.755001,62.694999,180.0,top,C143,GCM188R71H104KA57D,,C_0603_1608Metric,100nF,smt
51.385,130.039,180.0,top,C144,CGA3E1X7R1C105K080AC,,C_0603_1608Metric,1uF,smt
55.449,130.039,0.0,top,C145,CGA3E2C0G1H180J080AA,,C_0603_1608Metric,18pF,smt
3.95,96.275,180.0,top,C146,GCM188R71H104KA57D,,C_0603_1608Metric,100nF,smt
3.925,94.725,180.0,top,C147,GCM188R71H104KA57D,,C_0603_1608Metric,100nF,smt
3.925,93.175,180.0,top,C148,GCM188R71H104KA57D,,C_0603_1608Metric,100nF,smt
3.925,91.625,180.0,top,C149,GCM188R71H104KA57D,,C_0603_1608Metric,100nF,smt
54.2,93.075,180.0,top,C15,CGA5L3X7R2E104K160AA,,C_1206_3216Metric,100nF,smt
3.875,89.125,180.0,top,C150,GCM188R71H104KA57D,,C_0603_1608Metric,100nF,smt
3.875,86.625,180.0,top,C151,GCM188R71H104KA57D,,C_0603_1608Metric,100nF,smt
3.925,79.875,180.0,top,C152,GCM188R71H104KA57D,,C_0603_1608Metric,100nF,smt
3.925,77.425,180.0,top,C153,GCM188R71H104KA57D,,C_0603_1608Metric,100nF,smt
3.9,74.875,180.0,top,C154,GCM188R71H104KA57D,,C_0603_1608Metric,100nF,smt
3.875,72.375,180.0,top,C155,GCM188R71H104KA57D,,C_0603_1608Metric,100nF,smt
3.875,69.875,180.0,top,C156,GCM188R71H104KA57D,,C_0603_1608Metric,100nF,smt
3.9,67.375,180.0,top,C157,GCM188R71H104KA57D,,C_0603_1608Metric,100nF,smt
4.125,56.175,180.0,top,C158,GCM188R71H104KA57D,,C_0603_1608Metric,100nF,smt
4.1,54.625,180.0,top,C159,GCM188R71H104KA57D,,C_0603_1608Metric,100nF,smt
54.2,95.375,180.0,top,C16,CGA5L3X7R2E104K160AA,,C_1206_3216Metric,100nF,smt
4.1,53.075,180.0,top,C160,GCM188R71H104KA57D,,C_0603_1608Metric,100nF,smt
4.1,51.525,180.0,top,C161,GCM188R71H104KA57D,,C_0603_1608Metric,100nF,smt
4.075,49.975,180.0,top,C162,GCM188R71H104KA57D,,C_0603_1608Metric,100nF,smt
4.075,47.525,180.0,top,C163,GCM188R71H104KA57D,,C_0603_1608Metric,100nF,smt
4.175,39.925,180.0,top,C164,GCM188R71H104KA57D,,C_0603_1608Metric,100nF,smt
4.125,37.925,180.0,top,C165,GCM188R71H104KA57D,,C_0603_1608Metric,100nF,smt
4.125,35.425,180.0,top,C166,GCM188R71H104KA57D,,C_0603_1608Metric,100nF,smt
4.125,32.875,180.0,top,C167,GCM188R71H104KA57D,,C_0603_1608Metric,100nF,smt
4.125,30.425,180.0,top,C168,GCM188R71H104KA57D,,C_0603_1608Metric,100nF,smt
4.075,27.875,180.0,top,C169,GCM188R71H104KA57D,,C_0603_1608Metric,100nF,smt
54.2,99.975,180.0,top,C17,CGA5L3X7R2E104K160AA,,C_1206_3216Metric,100nF,smt
56.5,7.925,180.0,top,C170,GCM188R71H104KA57D,,C_0603_1608Metric,100nF,smt
42.875,7.955,180.0,top,C171,GCM188R71H104KA57D,,C_0603_1608Metric,100nF,smt
38.225,22.475,-90.0,top,C172,GCM188R72A103KA37D,,C_0603_1608Metric,10nF,smt
7.9,116.125,-90.0,top,C173,GCM188R72A103KA37D,,C_0603_1608Metric,10nF,smt
8.075,107.775,90.0,top,C174,GCM188R72A103KA37D,,C_0603_1608Metric,10nF,smt
18.75,109.925,180.0,top,C175,GCM188R72A103KA37D,,C_0603_1608Metric,10nF,smt
15.125,108.65,180.0,top,C176,GCM188R72A103KA37D,,C_0603_1608Metric,10nF,smt
50.65,8.2,180.0,top,C177,CGA5L3X7R1H475K160AE,,C_1206_3216Metric,4u7,smt
62.925,72.925,0.0,top,C178,GCM188R72A103KA37D,,C_0603_1608Metric,10nF,smt
70.6,88.675,180.0,top,C18,GCM188R71H104KA57D,,C_0603_1608Metric,100nF,smt
43.75,36.025,0.0,top,C19,GCM188R71H104KA57D,,C_0603_1608Metric,100nF,smt
55.0,62.675,-90.0,top,C2,GCM188R71H104KA57D,,C_0603_1608Metric,100nF,smt
43.525,37.5,0.0,top,C20,GCM188R71H104KA57D,,C_0603_1608Metric,100nF,smt
61.1,90.675,-90.0,top,C21,CGA3E2C0G1H180J080AA,,C_0603_1608Metric,18pF,smt
65.3,86.5,180.0,top,C22,CL31B106KOHVPNE,,C_1206_3216Metric,10uF,smt
65.3,88.775,180.0,top,C23,CL31B106KOHVPNE,,C_1206_3216Metric,10uF,smt
64.5,90.675,180.0,top,C24,GCM188R71H104KA57D,,C_0603_1608Metric,100nF,smt
64.5,92.175,180.0,top,C25,GCM188R72A103KA37D,,C_0603_1608Metric,10nF,smt
34.85,48.775,180.0,top,C26,CGA5L3X7R2E104K160AA,,C_1206_3216Metric,100nF,smt
43.125,81.275,0.0,top,C27,GCM188R71H104KA57D,,C_0603_1608Metric,100nF,smt
43.525,39.025,0.0,top,C28,CGA3E1X7R1C105K080AC,,C_0603_1608Metric,1uF,smt
43.525,40.575,0.0,top,C29,CGA3E1X7R1C105K080AC,,C_0603_1608Metric,1uF,smt
62.725,64.25,180.0,top,C3,GCM188R71H104KA57D,,C_0603_1608Metric,100nF,smt
43.125,82.95,0.0,top,C30,GCM188R71H104KA57D,,C_0603_1608Metric,100nF,smt
28.0,32.925,0.0,top,C31,GCM188R71H104KA57D,,C_0603_1608Metric,100nF,smt
28.0,29.425,0.0,top,C32,GCM188R71H104KA57D,,C_0603_1608Metric,100nF,smt
28.0,25.925,0.0,top,C33,GCM188R71H104KA57D,,C_0603_1608Metric,100nF,smt
28.0,22.425,0.0,top,C34,GCM188R71H104KA57D,,C_0603_1608Metric,100nF,smt
28.0,36.425,0.0,top,C35,GCM188R71H104KA57D,,C_0603_1608Metric,100nF,smt
28.0,39.925,0.0,top,C36,GCM188R71H104KA57D,,C_0603_1608Metric,100nF,smt
27.375,43.55,90.0,top,C37,GCM188R71H104KA57D,,C_0603_1608Metric,100nF,smt
27.35,47.75,90.0,top,C38,GCM188R71H104KA57D,,C_0603_1608Metric,100nF,smt
28.0,50.425,0.0,top,C39,GCM188R71H104KA57D,,C_0603_1608Metric,100nF,smt
58.2375,78.375,0.0,top,C4,GCM188R71H104KA57D,,C_0603_1608Metric,100nF,smt
28.0,53.925,0.0,top,C40,GCM188R71H104KA57D,,C_0603_1608Metric,100nF,smt
28.0,57.425,0.0,top,C41,GCM188R71H104KA57D,,C_0603_1608Metric,100nF,smt
28.0,60.925,0.0,top,C42,GCM188R71H104KA57D,,C_0603_1608Metric,100nF,smt
35.675,91.975,180.0,top,C43,CGA5L3X7R2E104K160AA,,C_1206_3216Metric,100nF,smt
27.025,14.184,-90.0,top,C44,GCM188R71H104KA57D,,C_0603_1608Metric,100nF,smt
43.125,84.625,0.0,top,C45,CGA3E1X7R1C105K080AC,,C_0603_1608Metric,1uF,smt
43.1,86.3,0.0,top,C46,CGA3E1X7R1C105K080AC,,C_0603_1608Metric,1uF,smt
22.45625,108.725,-90.0,top,C47,GCM188R71H104KA57D,,C_0603_1608Metric,100nF,smt
28.0,74.925,0.0,top,C48,GCM188R71H104KA57D,,C_0603_1608Metric,100nF,smt
28.0,71.425,0.0,top,C49,GCM188R71H104KA57D,,C_0603_1608Metric,100nF,smt
62.875,71.2,0.0,top,C5,GCM188R71H104KA57D,,C_0603_1608Metric,100nF,smt
28.0,67.925,0.0,top,C50,GCM188R71H104KA57D,,C_0603_1608Metric,100nF,smt
28.0,64.425,0.0,top,C51,GCM188R71H104KA57D,,C_0603_1608Metric,100nF,smt
28.0,78.425,0.0,top,C52,GCM188R71H104KA57D,,C_0603_1608Metric,100nF,smt
28.0,81.925,0.0,top,C53,GCM188R71H104KA57D,,C_0603_1608Metric,100nF,smt
27.345,86.015,90.0,top,C54,GCM188R71H104KA57D,,C_0603_1608Metric,100nF,smt
28.0,88.925,0.0,top,C55,GCM188R71H104KA57D,,C_0603_1608Metric,100nF,smt
28.0,92.425,0.0,top,C56,GCM188R71H104KA57D,,C_0603_1608Metric,100nF,smt
28.0,95.925,0.0,top,C57,GCM188R71H104KA57D,,C_0603_1608Metric,100nF,smt
28.0,99.425,0.0,top,C58,GCM188R71H104KA57D,,C_0603_1608Metric,100nF,smt
28.0,102.925,0.0,top,C59,GCM188R71H104KA57D,,C_0603_1608Metric,100nF,smt
69.775,66.3,180.0,top,C6,GCM188R71H104KA57D,,C_0603_1608Metric,100nF,smt
74.275,14.65,-90.0,top,C60,GCM188R71H104KA57D,,C_0603_1608Metric,100nF,smt
65.9625,8.375,180.0,top,C61,GCM188R72A103KA37D,,C_0603_1608Metric,10nF,smt
63.475,14.775,-90.0,top,C62,CGA5L3X7R1H475K160AE,,C_1206_3216Metric,4u7,smt
65.4,15.175,-90.0,top,C63,GCM188R71H104KA57D,,C_0603_1608Metric,100nF,smt
69.775,56.95,180.0,top,C64,GCM188R71H104KA57D,,C_0603_1608Metric,100nF,smt
84.583,22.669,-90.0,top,C65,GCM188R72A103KA37D,,C_0603_1608Metric,10nF,smt
82.683,21.869,-90.0,top,C66,CGA5L3X7R1H475K160AE,,C_1206_3216Metric,4u7,smt
89.783,16.469,90.0,top,C67,CGA3E2C0G1H180J080AA,,C_0603_1608Metric,18pF,smt
84.383,16.469,90.0,top,C68,CGA3E2C0G1H180J080AA,,C_0603_1608Metric,18pF,smt
89.783,12.369,-90.0,top,C69,CGA3E2C0G1H180J080AA,,C_0603_1608Metric,18pF,smt
62.025,68.1625,90.0,top,C7,GCM188R71H104KA57D,,C_0603_1608Metric,100nF,smt
84.383,12.369,-90.0,top,C70,CGA3E2C0G1H180J080AA,,C_0603_1608Metric,18pF,smt
92.533,19.119,180.0,top,C71,GCM188R72A103KA37D,,C_0603_1608Metric,10nF,smt
75.5,40.875,180.0,top,C72,GCM188R72A103KA37D,,C_0603_1608Metric,10nF,smt
75.5,42.375,180.0,top,C73,GCM188R72A103KA37D,,C_0603_1608Metric,10nF,smt
75.5,43.85,180.0,top,C74,GCM188R72A103KA37D,,C_0603_1608Metric,10nF,smt
75.5,45.325,180.0,top,C75,GCM188R72A103KA37D,,C_0603_1608Metric,10nF,smt
75.5,46.8,180.0,top,C76,GCM188R72A103KA37D,,C_0603_1608Metric,10nF,smt
75.5,48.275,180.0,top,C77,GCM188R72A103KA37D,,C_0603_1608Metric,10nF,smt
75.5,49.775,180.0,top,C78,GCM188R72A103KA37D,,C_0603_1608Metric,10nF,smt
75.5,51.275,180.0,top,C79,GCM188R72A103KA37D,,C_0603_1608Metric,10nF,smt
45.25,71.15,180.0,top,C8,CL31B106KOHVPNE,,C_1206_3216Metric,10uF,smt
75.5,52.775,180.0,top,C80,GCM188R72A103KA37D,,C_0603_1608Metric,10nF,smt
75.5,54.275,180.0,top,C81,GCM188R72A103KA37D,,C_0603_1608Metric,10nF,smt
75.5,55.775,180.0,top,C82,GCM188R72A103KA37D,,C_0603_1608Metric,10nF,smt
75.5,57.275,180.0,top,C83,GCM188R72A103KA37D,,C_0603_1608Metric,10nF,smt
75.5,58.775,180.0,top,C84,GCM188R72A103KA37D,,C_0603_1608Metric,10nF,smt
75.5,60.275,180.0,top,C85,GCM188R72A103KA37D,,C_0603_1608Metric,10nF,smt
75.5,61.775,180.0,top,C86,GCM188R72A103KA37D,,C_0603_1608Metric,10nF,smt
75.5,63.275,180.0,top,C87,GCM188R72A103KA37D,,C_0603_1608Metric,10nF,smt
75.5,64.775,180.0,top,C88,GCM188R72A103KA37D,,C_0603_1608Metric,10nF,smt
75.5,66.275,180.0,top,C89,GCM188R72A103KA37D,,C_0603_1608Metric,10nF,smt
70.575,46.775,-90.0,top,C9,GCM188R71H104KA57D,,C_0603_1608Metric,100nF,smt
75.5,67.775,180.0,top,C90,GCM188R72A103KA37D,,C_0603_1608Metric,10nF,smt
75.5,69.275,180.0,top,C91,GCM188R72A103KA37D,,C_0603_1608Metric,10nF,smt
75.5,70.775,180.0,top,C92,GCM188R72A103KA37D,,C_0603_1608Metric,10nF,smt
75.5,72.275,180.0,top,C93,GCM188R72A103KA37D,,C_0603_1608Metric,10nF,smt
75.5,73.775,180.0,top,C94,GCM188R72A103KA37D,,C_0603_1608Metric,10nF,smt
75.5,75.275,180.0,top,C95,GCM188R72A103KA37D,,C_0603_1608Metric,10nF,smt
74.9,4.375,90.0,top,C96,GCM188R71H104KA57D,,C_0603_1608Metric,100nF,smt
72.5,105.525,90.0,top,C97,GCM188R71H104KA57D,,C_0603_1608Metric,100nF,smt
61.875,58.45,-90.0,top,C98,GCM188R72A103KA37D,,C_0603_1608Metric,10nF,smt
55.775,58.475,-90.0,top,C99,GCM188R71H104KA57D,,C_0603_1608Metric,100nF,smt
34.05,66.825,90.0,top,D1,RS1GFA,,D_SOD-123F,D_Schottky,smt
9.925,160.875,0.0,top,D10,MM3Z12VC,,D_SOD-323F,12V,smt
56.7,15.141,0.0,top,D11,STPS1150A,,D_SMA,D_Schottky,smt
22.45,28.425,-90.0,top,D12,MM3Z12VC,,D_SOD-323F,12V,smt
42.375,15.325,0.0,top,D13,STPS1150A,,D_SMA,D_Schottky,smt
40.09952,118.60952,180.0,top,D14,RS1GFA,,D_SOD-123F,D_Schottky,smt
22.454999,24.925,-90.0,top,D15,MM3Z12VC,,D_SOD-323F,12V,smt
48.64952,117.85952,0.0,top,D16,RS1GFA,,D_SOD-123F,D_Schottky,smt
23.45625,121.725,0.0,top,D17,MM3Z12VC,,D_SOD-323F,12V,smt
22.45,21.425,-90.0,top,D18,MM3Z12VC,,D_SOD-323F,12V,smt
49.85,85.925,90.0,top,D19,RS1GFA,,D_SOD-123F,D_Schottky,smt
36.375,66.825,90.0,top,D2,RS1GFA,,D_SOD-123F,D_Schottky,smt
22.45,35.425,-90.0,top,D21,MM3Z12VC,,D_SOD-323F,12V,smt
87.376,168.402,90.0,top,D22,SMBJ120A-13-F,,D_SMB,D_TVS,smt
89.154,156.972,0.0,top,D23,SMBJ120A-13-F,,D_SMB,D_TVS,smt
22.45,38.925,-90.0,top,D24,MM3Z12VC,,D_SOD-323F,12V,smt
77.5,124.75,-90.0,top,D25,SMBJ120A-13-F,,D_SMB,D_TVS,smt
3.725,100.975,-90.0,top,D26,SMAJ60A-13-F,,D_SMA,D_TVS,smt
22.45,42.425,-90.0,top,D27,MM3Z12VC,,D_SOD-323F,12V,smt
53.976,49.778,90.0,top,D28,ESDCAN24-2BLY,,D_SOT-23_ANK,D_Schottky_Dual_CommonAnode_AKK,smt
62.625,49.725,90.0,top,D29,ESDCAN24-2BLY,,D_SOT-23_ANK,D_Schottky_Dual_CommonAnode_AKK,smt
10.9,115.825,180.0,top,D3,RS1GFA,,D_SOD-123F,D_Schottky,smt
22.45,45.925,-90.0,top,D30,MM3Z12VC,,D_SOD-323F,12V,smt
38.725,66.825,90.0,top,D31,RS1GFA,,D_SOD-123F,D_Schottky,smt
22.45,49.425,-90.0,top,D33,MM3Z12VC,,D_SOD-323F,12V,smt
71.197,34.281,90.0,top,D35,RS1GFA,,D_SOD-123F,D_Schottky,smt
22.45,52.925,-90.0,top,D36,MM3Z12VC,,D_SOD-323F,12V,smt
81.865,35.805,0.0,top,D37,RS1GFA,,D_SOD-123F,D_Schottky,smt
82.881,168.393,90.0,top,D38,STPS1150A,,D_SMA,D_Schottky,smt
22.45,56.425,-90.0,top,D39,MM3Z12VC,,D_SOD-323F,12V,smt
58.5,89.175,-90.0,top,D4,STPS1150A,,D_SMA,D_Schottky,smt
79.071,163.059,90.0,top,D40,STPS1150A,,D_SMA,D_Schottky,smt
77.775,111.625,-90.0,top,D41,STPS1150A,,D_SMA,D_Schottky,smt
22.45,59.925,-90.0,top,D42,MM3Z12VC,,D_SOD-323F,12V,smt
40.025,97.975,-90.0,top,D45,LTST-C191KRKT,,D_0603_1608Metric,D_LED,smt
43.3,101.2,-90.0,top,D46,MM3Z12VC,,D_SOD-323F,12V,smt
22.45,73.925,-90.0,top,D48,MM3Z12VC,,D_SOD-323F,12V,smt
3.825,61.225,-90.0,top,D5,SMAJ60A-13-F,,D_SMA,D_TVS,smt
22.45,70.425,-90.0,top,D51,MM3Z12VC,,D_SOD-323F,12V,smt
22.45,66.925,-90.0,top,D54,MM3Z12VC,,D_SOD-323F,12V,smt
22.45,63.425,-90.0,top,D57,MM3Z12VC,,D_SOD-323F,12V,smt
41.125,56.375,-90.0,top,D6,LTST-C191KRKT,,D_0603_1608Metric,D_LED,smt
22.45,77.425,-90.0,top,D60,MM3Z12VC,,D_SOD-323F,12V,smt
22.45,80.925,-90.0,top,D63,MM3Z12VC,,D_SOD-323F,12V,smt
22.45,84.425,-90.0,top,D66,MM3Z12VC,,D_SOD-323F,12V,smt
22.45,87.925,-90.0,top,D69,MM3Z12VC,,D_SOD-323F,12V,smt
44.075,59.925,-90.0,top,D7,MM3Z12VC,,D_SOD-323F,12V,smt
22.45,91.425,-90.0,top,D72,MM3Z12VC,,D_SOD-323F,12V,smt
22.45,94.925,-90.0,top,D75,MM3Z12VC,,D_SOD-323F,12V,smt
22.435222,98.439778,-90.0,top,D78,MM3Z12VC,,D_SOD-323F,12V,smt
5.175,156.225,180.0,top,D8,SMBJ120A-13-F,,D_SMB,D_TVS,smt
22.435222,101.939778,-90.0,top,D81,MM3Z12VC,,D_SOD-323F,12V,smt
64.4,20.625,-90.0,top,D83,STPS1150A,,D_SMA,D_Schottky,smt
68.075,77.207,180.0,top,D84,LTST-C191KRKT,,D_0603_1608Metric,D_LED,smt
87.122,9.144,90.0,top,D85,ESDCAN24-2BLY,,D_SOT-23_ANK,D_Schottky_Dual_CommonAnode_AKK,smt
69.45,10.675,90.0,top,D89,ESDCAN24-2BLY,,D_SOT-23_ANK,D_Schottky_Dual_CommonAnode_AKK,smt
22.45,31.925,-90.0,top,D9,MM3Z12VC,,D_SOD-323F,12V,smt
8.89,25.4,90.0,top,J1,,,JST_XH_B7B-XH-A_1x07_P2.50mm_Vertical,Conn_01x07,tht
4.139,140.995,90.0,top,J10,7807,,7807,7807,tht
90.678,3.302,180.0,top,J11,,,JST_XH_B4B-XH-A_1x04_P2.50mm_Vertical,Conn_01x04,tht
45.466,3.048,180.0,top,J12,,,JST_XH_B2B-XH-A_1x02_P2.50mm_Vertical,Conn_01x02,tht
63.956,44.075,180.0,top,J13,,,JST_XH_B6B-XH-A_1x06_P2.50mm_Vertical,Conn_01x06,tht
69.675,5.1125,0.0,top,J14,,,USB_Micro-B_Molex-105017-0001,USB_B_Micro,smt
58.166,3.048,180.0,top,J15,,,JST_XH_B2B-XH-A_1x02_P2.50mm_Vertical,Conn_01x02,tht
93.726,169.632,-90.0,top,J16,,,JST_XH_B2B-XH-A_1x02_P2.50mm_Vertical,Conn_01x02,tht
5.0,4.975,90.0,top,J17,7807,,7807,7807,tht
82.6,116.25,90.0,top,J18,7807,,7807,7807,tht
93.475,151.375,-90.0,top,J19,7807,,7807,7807,tht
8.89,47.498,90.0,top,J2,,,JST_XH_B6B-XH-A_1x06_P2.50mm_Vertical,Conn_01x06,tht
58.75,35.05,180.0,top,J20,,,JST_XH_B2B-XH-A_1x02_P2.50mm_Vertical,Conn_01x02,tht
3.2,108.9,90.0,top,J21,,,JST_XH_B3B-XH-A_1x03_P2.50mm_Vertical,Conn_01x04,tht
8.89,67.39,90.0,top,J3,,,JST_XH_B6B-XH-A_1x06_P2.50mm_Vertical,Conn_01x06,tht
9.1,86.614,90.0,top,J4,,,JST_XH_B6B-XH-A_1x06_P2.50mm_Vertical,Conn_01x06,tht
90.525,48.8,0.0,top,J5,,,PinHeader_2x06_P2.54mm_Vertical,Conn_02x06_Odd_Even,tht
90.525,68.05,0.0,top,J6,,,PinHeader_2x06_P2.54mm_Vertical,Conn_02x06_Odd_Even,tht
90.6,87.175,0.0,top,J7,,,PinHeader_2x06_P2.54mm_Vertical,Conn_02x06_Odd_Even,tht
90.685,106.38,0.0,top,J8,,,PinHeader_2x06_P2.54mm_Vertical,Conn_02x06_Odd_Even,tht
32.258,3.048,180.0,top,J9,,,JST_XH_B4B-XH-A_1x04_P2.50mm_Vertical,Conn_01x04,tht
62.75,65.875,0.0,top,L1,742792609,,L_0603_1608Metric,L_Ferrite,smt
26.09,9.299,180.0,top,L10,742792609,,L_0603_1608Metric,L_Ferrite,smt
54.9,101.975,180.0,top,L2,742792609,,L_0603_1608Metric,L_Ferrite,smt
60.1,96.275,0.0,top,L3,NR6028T470M,,Inductor_Taiyo-Yuden_NR-60xx,47u,smt
31.375,60.925,180.0,top,L4,742792609,,L_0603_1608Metric,L_Ferrite,smt
31.825,102.525,90.0,top,L5,742792609,,L_0603_1608Metric,L_Ferrite,smt
87.033,14.519,-90.0,top,L6,B82787C0513H002,,ACT45B,L_Coupled,tht
70.6,96.175,180.0,top,L8,742792609,,L_0603_1608Metric,L_Ferrite,smt
27.556,18.094,0.0,top,L9,742792609,,L_0603_1608Metric,L_Ferrite,smt
63.275,84.825,0.0,top,NT1,,,Net_Tie-0.5mm,Net-Tie_2,tht
16.975,158.125,90.0,top,Q1,TN5335K1-G,,SOT-23,Q_NMOS_GSD,smt
19.7,42.425,180.0,top,Q10,SI2301S-2.3A,,SOT-23,Q_PMOS_GSD,smt
19.7,45.925,180.0,top,Q11,SI2301S-2.3A,,SOT-23,Q_PMOS_GSD,smt
19.7,49.425,180.0,top,Q12,SI2301S-2.3A,,SOT-23,Q_PMOS_GSD,smt
19.7,52.925,180.0,top,Q13,SI2301S-2.3A,,SOT-23,Q_PMOS_GSD,smt
19.7,56.425,180.0,top,Q14,SI2301S-2.3A,,SOT-23,Q_PMOS_GSD,smt
19.7,59.925,180.0,top,Q15,SI2301S-2.3A,,SOT-23,Q_PMOS_GSD,smt
27.05625,116.975,180.0,top,Q16,TN5335K1-G,,SOT-23,Q_NMOS_GSD,smt
42.55,97.825,180.0,top,Q17,TN5335K1-G,,SOT-23,Q_NMOS_GSD,smt
38.3,101.275,180.0,top,Q18,TP5335K1-G,,SOT-23,Q_PMOS_GSD,smt
19.7,73.925,180.0,top,Q19,SI2301S-2.3A,,SOT-23,Q_PMOS_GSD,smt
43.65,56.275,180.0,top,Q2,TN5335K1-G,,SOT-23,Q_NMOS_GSD,smt
19.7,70.425,180.0,top,Q20,SI2301S-2.3A,,SOT-23,Q_PMOS_GSD,smt
19.7,66.925,180.0,top,Q21,SI2301S-2.3A,,SOT-23,Q_PMOS_GSD,smt
19.7,63.425,180.0,top,Q22,SI2301S-2.3A,,SOT-23,Q_PMOS_GSD,smt
19.7,77.425,180.0,top,Q23,SI2301S-2.3A,,SOT-23,Q_PMOS_GSD,smt
19.7,80.925,180.0,top,Q24,SI2301S-2.3A,,SOT-23,Q_PMOS_GSD,smt
19.7,84.425,180.0,top,Q25,SI2301S-2.3A,,SOT-23,Q_PMOS_GSD,smt
19.7,87.925,180.0,top,Q26,SI2301S-2.3A,,SOT-23,Q_PMOS_GSD,smt
19.7,91.425,180.0,top,Q27,SI2301S-2.3A,,SOT-23,Q_PMOS_GSD,smt
19.7,94.925,180.0,top,Q28,SI2301S-2.3A,,SOT-23,Q_PMOS_GSD,smt
19.7,98.425,180.0,top,Q29,SI2301S-2.3A,,SOT-23,Q_PMOS_GSD,smt
39.25,59.725,180.0,top,Q3,TP5335K1-G,,SOT-23,Q_PMOS_GSD,smt
19.7,101.925,180.0,top,Q30,SI2301S-2.3A,,SOT-23,Q_PMOS_GSD,smt
23.35625,117.175,-90.0,top,Q31,TP5335K1-G,,SOT-23,Q_PMOS_GSD,smt
79.025,88.775,180.0,top,Q32,US6M2TR,,SOT-363_SC-70-6,Q_DUAL_NMOS_PMOS,smt
79.5,95.775,180.0,top,Q33,US6M2TR,,SOT-363_SC-70-6,Q_DUAL_NMOS_PMOS,smt
9.125,112.525,90.0,top,Q34,TN5335K1-G,,SOT-23,Q_NMOS_GSD,smt
11.938,167.64,0.0,top,Q35,FQB12P20TM,,TO-263-2,Q_PMOS_GDS,smt
19.7,31.925,180.0,top,Q4,SI2301S-2.3A,,SOT-23,Q_PMOS_GSD,smt
59.725,139.85,-90.0,top,Q42,NTB5D0N15MC,,TO-263-2,NTB5D0N15MC,smt
57.725,155.1,90.0,top,Q43,NTB5D0N15MC,,TO-263-2,NTB5D0N15MC,smt
39.77452,112.47452,-90.0,top,Q44,US6M2TR,,SOT-363_SC-70-6,Q_DUAL_NMOS_PMOS,smt
33.725,139.85,-90.0,top,Q45,NTB5D0N15MC,,TO-263-2,NTB5D0N15MC,smt
44.725,155.1,90.0,top,Q46,NTB5D0N15MC,,TO-263-2,NTB5D0N15MC,smt
46.725,139.85,-90.0,top,Q47,NTB5D0N15MC,,TO-263-2,NTB5D0N15MC,smt
31.725,155.1,90.0,top,Q48,NTB5D0N15MC,,TO-263-2,NTB5D0N15MC,smt
72.725,139.85,-90.0,top,Q49,NTB5D0N15MC,,TO-263-2,NTB5D0N15MC,smt
19.7,28.425,180.0,top,Q5,SI2301S-2.3A,,SOT-23,Q_PMOS_GSD,smt
70.725,155.1,90.0,top,Q50,NTB5D0N15MC,,TO-263-2,NTB5D0N15MC,smt
50.22452,110.97452,-90.0,top,Q54,US6M2TR,,SOT-363_SC-70-6,Q_DUAL_NMOS_PMOS,smt
62.765,125.785,180.0,top,Q55,"TPH3300CNH,L1Q",,POWER_SO8,"TPH3300CNH,L1Q",smt
69.185,126.465,0.0,top,Q56,"TPH3300CNH,L1Q",,POWER_SO8,"TPH3300CNH,L1Q",smt
43.85,11.05,180.0,top,Q58,RQ3G100GNTB,,LFPAK33,RQ3G100GNTB,smt
58.175,10.775,0.0,top,Q59,RQ3G100GNTB,,LFPAK33,RQ3G100GNTB,smt
19.7,24.925,180.0,top,Q6,SI2301S-2.3A,,SOT-23,Q_PMOS_GSD,smt
19.7,21.425,180.0,top,Q7,SI2301S-2.3A,,SOT-23,Q_PMOS_GSD,smt
19.7,35.425,180.0,top,Q8,SI2301S-2.3A,,SOT-23,Q_PMOS_GSD,smt
19.7,38.925,180.0,top,Q9,SI2301S-2.3A,,SOT-23,Q_PMOS_GSD,smt
59.256,50.6,0.0,top,R1,AC0603FR-0710KL,,R_0603_1608Metric,10k0,smt
62.755001,61.184999,0.0,top,R10,AC0603FR-0710KL,,R_0603_1608Metric,10k0,smt
25.0,76.675,180.0,top,R100,RMCF0603JT3K30,,R_0603_1608Metric,3k3,smt
15.75,80.45,-90.0,top,R101,WK73R2ATTD15R0F,,Resistor_SMD_0805_Wide,15R0,tht
77.025,95.775,90.0,top,R102,AC0603FR-0710KL,,R_0603_1608Metric,10k0,smt
25.0,81.925,180.0,top,R103,AC0603FR-07100RL,,R_0603_1608Metric,100R,smt
25.0,80.175,180.0,top,R104,RMCF0603JT3K30,,R_0603_1608Metric,3k3,smt
15.75,83.95,-90.0,top,R105,WK73R2ATTD15R0F,,Resistor_SMD_0805_Wide,15R0,tht
52.401,62.221,90.0,top,R106,AC0603FR-07100RL,,R_0603_1608Metric,100R,smt
25.0,85.425,180.0,top,R107,AC0603FR-07100RL,,R_0603_1608Metric,100R,smt
25.0,83.675,180.0,top,R108,RMCF0603JT3K30,,R_0603_1608Metric,3k3,smt
15.75,87.45,-90.0,top,R109,WK73R2ATTD15R0F,,Resistor_SMD_0805_Wide,15R0,tht
57.3,54.575,90.0,top,R11,RMCF0603FT19K6,,R_0603_1608Metric,19k6,smt
49.099,62.4,90.0,top,R110,AC0603FR-07100RL,,R_0603_1608Metric,100R,smt
25.0,88.925,180.0,top,R111,AC0603FR-07100RL,,R_0603_1608Metric,100R,smt
25.0,87.175,180.0,top,R112,RMCF0603JT3K30,,R_0603_1608Metric,3k3,smt
15.75,90.95,-90.0,top,R113,WK73R2ATTD15R0F,,Resistor_SMD_0805_Wide,15R0,tht
76.15,34.95,90.0,top,R114,AC0603FR-07100RL,,R_0603_1608Metric,100R,smt
25.0,92.425,180.0,top,R115,AC0603FR-07100RL,,R_0603_1608Metric,100R,smt
25.0,90.675,180.0,top,R116,RMCF0603JT3K30,,R_0603_1608Metric,3k3,smt
15.75,94.45,-90.0,top,R117,WK73R2ATTD15R0F,,Resistor_SMD_0805_Wide,15R0,tht
69.025,35.625,90.0,top,R118,AC0603FR-07100RL,,R_0603_1608Metric,100R,smt
25.0,95.925,180.0,top,R119,AC0603FR-07100RL,,R_0603_1608Metric,100R,smt
42.675,95.2,180.0,top,R12,AC0603FR-0710KL,,R_0603_1608Metric,10k0,smt
25.0,94.175,180.0,top,R120,RMCF0603JT3K30,,R_0603_1608Metric,3k3,smt
15.75,97.95,-90.0,top,R121,WK73R2ATTD15R0F,,Resistor_SMD_0805_Wide,15R0,tht
50.877,62.221,90.0,top,R122,AC0603FR-0710KL,,R_0603_1608Metric,10k0,smt
25.0,99.425,180.0,top,R123,AC0603FR-07100RL,,R_0603_1608Metric,100R,smt
25.0,97.675,180.0,top,R124,RMCF0603JT3K30,,R_0603_1608Metric,3k3,smt
15.75,101.375,-90.0,top,R125,WK73R2ATTD15R0F,,Resistor_SMD_0805_Wide,15R0,tht
13.675,157.775,0.0,top,R126,AC0603FR-0710KL,,R_0603_1608Metric,10k0,smt
25.0,102.925,180.0,top,R127,AC0603FR-07100RL,,R_0603_1608Metric,100R,smt
25.0,101.175,180.0,top,R128,RMCF0603JT3K30,,R_0603_1608Metric,3k3,smt
72.0,10.8125,90.0,top,R129,RMCF0603FT20R0,,R_0603_1608Metric,20R0,smt
43.85,53.7,180.0,top,R13,AC0603FR-0710KL,,R_0603_1608Metric,10k0,smt
66.925,10.8,90.0,top,R130,RMCF0603FT20R0,,R_0603_1608Metric,20R0,smt
64.7,25.075,0.0,top,R131,AC0603FR-07100RL,,R_0603_1608Metric,100R,smt
67.025,24.425,-90.0,top,R132,AC0603FR-07100RL,,R_0603_1608Metric,100R,smt
83.883,25.169,180.0,top,R133,AC0603FR-07100RL,,R_0603_1608Metric,100R,smt
54.175,25.15,90.0,top,R134,AC0603FR-0710KL,,R_0603_1608Metric,10k0,smt
79.95,28.625,180.0,top,R135,AC0603FR-07100RL,,R_0603_1608Metric,100R,smt
92.583,14.269,-90.0,top,R136,RMCF2512JT62R0,,R_2512_6332Metric,60R,smt
81.483,14.369,90.0,top,R137,RMCF2512JT62R0,,R_2512_6332Metric,60R,smt
68.1,75.683,0.0,top,R138,AC0603FR-07100RL,,R_0603_1608Metric,100R,smt
78.5,40.875,180.0,top,R139,AC0603FR-0710KL,,R_0603_1608Metric,10k0,smt
42.77452,108.07452,180.0,top,R14,AC0603FR-071ML,,R_0603_1608Metric,1M,smt
81.5,40.875,180.0,top,R140,AC0603FR-0710KL,,R_0603_1608Metric,10k0,smt
78.5,42.375,180.0,top,R141,AC0603FR-0710KL,,R_0603_1608Metric,10k0,smt
81.5,42.375,180.0,top,R142,AC0603FR-0710KL,,R_0603_1608Metric,10k0,smt
78.5,43.85,180.0,top,R143,AC0603FR-0710KL,,R_0603_1608Metric,10k0,smt
81.5,43.85,180.0,top,R144,AC0603FR-0710KL,,R_0603_1608Metric,10k0,smt
78.5,45.325,180.0,top,R145,AC0603FR-0710KL,,R_0603_1608Metric,10k0,smt
81.5,45.325,180.0,top,R146,AC0603FR-0710KL,,R_0603_1608Metric,10k0,smt
78.5,46.8,180.0,top,R147,AC0603FR-0710KL,,R_0603_1608Metric,10k0,smt
81.5,46.8,180.0,top,R148,AC0603FR-0710KL,,R_0603_1608Metric,10k0,smt
78.475,48.275,180.0,top,R149,AC0603FR-0710KL,,R_0603_1608Metric,10k0,smt
42.05,59.525,-90.0,top,R15,AC0603FR-0710KL,,R_0603_1608Metric,10k0,smt
81.5,48.275,180.0,top,R150,AC0603FR-0710KL,,R_0603_1608Metric,10k0,smt
78.5,49.775,180.0,top,R151,AC0603FR-0710KL,,R_0603_1608Metric,10k0,smt
81.5,49.775,180.0,top,R152,AC0603FR-0710KL,,R_0603_1608Metric,10k0,smt
78.5,51.275,180.0,top,R153,AC0603FR-0710KL,,R_0603_1608Metric,10k0,smt
81.5,51.275,180.0,top,R154,AC0603FR-0710KL,,R_0603_1608Metric,10k0,smt
78.5,52.775,180.0,top,R155,AC0603FR-0710KL,,R_0603_1608Metric,10k0,smt
81.5,52.775,180.0,top,R156,AC0603FR-0710KL,,R_0603_1608Metric,10k0,smt
78.5,54.275,180.0,top,R157,AC0603FR-0710KL,,R_0603_1608Metric,10k0,smt
81.5,54.275,180.0,top,R158,AC0603FR-0710KL,,R_0603_1608Metric,10k0,smt
78.5,55.775,180.0,top,R159,AC0603FR-0710KL,,R_0603_1608Metric,10k0,smt
39.6,56.375,-90.0,top,R16,RN73R1JTTD3202B25,,R_0603_1608Metric,32k0,smt
81.5,55.775,180.0,top,R160,AC0603FR-0710KL,,R_0603_1608Metric,10k0,smt
78.5,57.275,180.0,top,R161,AC0603FR-0710KL,,R_0603_1608Metric,10k0,smt
81.5,57.275,180.0,top,R162,AC0603FR-0710KL,,R_0603_1608Metric,10k0,smt
78.5,58.775,180.0,top,R163,AC0603FR-0710KL,,R_0603_1608Metric,10k0,smt
81.5,58.775,180.0,top,R164,AC0603FR-0710KL,,R_0603_1608Metric,10k0,smt
78.5,60.275,180.0,top,R165,AC0603FR-0710KL,,R_0603_1608Metric,10k0,smt
81.5,60.275,180.0,top,R166,AC0603FR-0710KL,,R_0603_1608Metric,10k0,smt
78.5,61.775,180.0,top,R167,AC0603FR-0710KL,,R_0603_1608Metric,10k0,smt
81.5,61.775,180.0,top,R168,AC0603FR-0710KL,,R_0603_1608Metric,10k0,smt
78.5,63.275,180.0,top,R169,AC0603FR-0710KL,,R_0603_1608Metric,10k0,smt
43.765,33.025,0.0,top,R17,RMCF0603FT100K,,R_0603_1608Metric,100k,smt
81.5,63.275,180.0,top,R170,AC0603FR-0710KL,,R_0603_1608Metric,10k0,smt
78.5,64.775,180.0,top,R171,AC0603FR-0710KL,,R_0603_1608Metric,10k0,smt
81.5,64.775,180.0,top,R172,AC0603FR-0710KL,,R_0603_1608Metric,10k0,smt
78.5,66.275,180.0,top,R173,AC0603FR-0710KL,,R_0603_1608Metric,10k0,smt
81.5,66.275,180.0,top,R174,AC0603FR-0710KL,,R_0603_1608Metric,10k0,smt
78.5,67.775,180.0,top,R175,AC0603FR-0710KL,,R_0603_1608Metric,10k0,smt
81.5,67.775,180.0,top,R176,AC0603FR-0710KL,,R_0603_1608Metric,10k0,smt
78.5,69.275,180.0,top,R177,AC0603FR-0710KL,,R_0603_1608Metric,10k0,smt
81.5,69.275,180.0,top,R178,AC0603FR-0710KL,,R_0603_1608Metric,10k0,smt
78.5,70.775,180.0,top,R179,AC0603FR-0710KL,,R_0603_1608Metric,10k0,smt
36.725,59.975,-90.0,top,R18,RMCF0603FT499K,,R_0603_1608Metric,499k,smt
81.5,70.775,180.0,top,R180,AC0603FR-0710KL,,R_0603_1608Metric,10k0,smt
78.5,72.275,180.0,top,R181,AC0603FR-0710KL,,R_0603_1608Metric,10k0,smt
81.5,72.275,180.0,top,R182,AC0603FR-0710KL,,R_0603_1608Metric,10k0,smt
78.5,73.775,180.0,top,R183,AC0603FR-0710KL,,R_0603_1608Metric,10k0,smt
81.5,73.775,180.0,top,R184,AC0603FR-0710KL,,R_0603_1608Metric,10k0,smt
78.5,75.275,180.0,top,R185,AC0603FR-0710KL,,R_0603_1608Metric,10k0,smt
81.5,75.275,180.0,top,R186,AC0603FR-0710KL,,R_0603_1608Metric,10k0,smt
51.325,49.675,90.0,top,R187,AC0603FR-07100RL,,R_0603_1608Metric,100R,smt
56.625,49.775,90.0,top,R188,AC0603FR-07100RL,,R_0603_1608Metric,100R,smt
38.52452,116.62452,180.0,top,R189,AC0603FR-0710KL,,R_0603_1608Metric,10k0,smt
38.1,56.375,-90.0,top,R19,RQ73C1J26K1BTD,,R_0603_1608Metric,26k1 0.1%,smt
42.17452,115.77452,90.0,top,R190,RMCF0603FT100K,,R_0603_1608Metric,100k,smt
38.52452,115.07452,180.0,top,R191,AC0603FR-0710KL,,R_0603_1608Metric,10k0,smt
42.77452,106.57452,180.0,top,R192,AC0603FR-0710KL,,R_0603_1608Metric,10k0,smt
20.225,159.325,0.0,top,R193,RMCF0603FT100K,,R_0603_1608Metric,100k,smt
27.55,16.55,180.0,top,R194,AC0603FR-0710KL,,R_0603_1608Metric,10k0,smt
24.525,16.55,180.0,top,R195,AC0603FR-0710KL,,R_0603_1608Metric,10k0,smt
54.275,58.475,90.0,top,R196,AC0603FR-0710KL,,R_0603_1608Metric,10k0,smt
29.84,7.799,180.0,top,R197,AC0603FR-0710KL,,R_0603_1608Metric,10k0,smt
29.84,9.299,0.0,top,R198,RMCF0603FT19K6,,R_0603_1608Metric,19k6,smt
71.8,102.55,180.0,top,R199,AC0603FR-07100RL,,R_0603_1608Metric,100R,smt
59.3125,48.85,0.0,top,R2,AC0603FR-0710KL,,R_0603_1608Metric,10k0,smt
47.12452,108.07452,0.0,top,R20,AC0603FR-071ML,,R_0603_1608Metric,1M,smt
75.7,101.025,180.0,top,R200,AC0603FR-0710KL,,R_0603_1608Metric,10k0,smt
78.775,101.825,180.0,top,R201,AC0603FR-0710KL,,R_0603_1608Metric,10k0,smt
78.775,103.325,0.0,top,R202,ESR03EZPJ3R3,,R_0603_1608Metric,3R3,smt
48.2,28.275,90.0,top,R203,AC0603FR-0710KL,,R_0603_1608Metric,10k0,smt
60.275,25.05,90.0,top,R204,AC0603FR-07100RL,,R_0603_1608Metric,100R,smt
51.0,28.275,90.0,top,R205,AC0603FR-07100RL,,R_0603_1608Metric,100R,smt
31.875,118.975,-90.0,top,R206,AC0603FR-071ML,,R_0603_1608Metric,1M,smt
51.27452,114.27452,90.0,top,R207,AC0603FR-0710KL,,R_0603_1608Metric,10k0,smt
90.081,162.364,0.0,top,R208,AC0603FR-071ML,,R_0603_1608Metric,1M,smt
28.60625,113.625,90.0,top,R209,AC0603FR-07100RL,,R_0603_1608Metric,100R,smt
15.75,31.45,-90.0,top,R21,WK73R2ATTD15R0F,,Resistor_SMD_0805_Wide,15R0,tht
23.35625,119.975,0.0,top,R210,RMCF0603FT100K,,R_0603_1608Metric,100k,smt
26.45625,119.975,0.0,top,R211,RMCF0603FT499K,,R_0603_1608Metric,499k,smt
18.775,111.55,0.0,top,R212,~,,R_0603_1608Metric,1k3,smt
11.95,107.075,180.0,top,R213,AC0603FR-07330RL,,R_0603_1608Metric,330R,smt
9.725,107.775,-90.0,top,R214,AC0603FR-07330RL,,R_0603_1608Metric,330R,smt
12.0,108.625,180.0,top,R215,AC0603FR-0710KL,,R_0603_1608Metric,10k0,smt
15.675,113.85,0.0,top,R216,RMCF0603FT100K,,R_0603_1608Metric,100k,smt
57.325,61.475,90.0,top,R217,AC0603FR-0710KL,,R_0603_1608Metric,10k0,smt
74.525,117.125,90.0,top,R218,RMCF0603FT499K,,R_0603_1608Metric,499k,smt
49.67452,114.27452,-90.0,top,R219,AC0603FR-0710KL,,R_0603_1608Metric,10k0,smt
42.25,47.375,90.0,top,R22,RMCF0603JG1K80,,R_0603_1608Metric,1k8,smt
76.725,117.175,90.0,top,R220,ESR03EZPJ3R3,,R_0603_1608Metric,3R3,smt
64.225,144.975,90.0,top,R221,ESR03EZPJ3R3,,R_0603_1608Metric,3R3,smt
53.225,149.975,-90.0,top,R222,ESR03EZPJ3R3,,R_0603_1608Metric,3R3,smt
33.475,118.975,90.0,top,R223,AC0603FR-071ML,,R_0603_1608Metric,1M,smt
44.87452,115.87452,90.0,top,R224,RMCF0603FT100K,,R_0603_1608Metric,100k,smt
35.075,118.975,-90.0,top,R225,AC0603FR-071ML,,R_0603_1608Metric,1M,smt
36.77452,108.62452,180.0,top,R226,AC0603FR-0710KL,,R_0603_1608Metric,10k0,smt
38.225,144.825,90.0,top,R227,ESR03EZPJ3R3,,R_0603_1608Metric,3R3,smt
40.225,149.975,-90.0,top,R228,ESR03EZPJ3R3,,R_0603_1608Metric,3R3,smt
36.675,118.975,90.0,top,R229,RMCF0603FT100K,,R_0603_1608Metric,100k,smt
25.0,32.925,180.0,top,R23,AC0603FR-07100RL,,R_0603_1608Metric,100R,smt
59.625,103.575,0.0,top,R230,RMCF0603FT499K,,R_0603_1608Metric,499k,smt
51.225,144.975,90.0,top,R231,ESR03EZPJ3R3,,R_0603_1608Metric,3R3,smt
27.225,149.975,-90.0,top,R232,ESR03EZPJ3R3,,R_0603_1608Metric,3R3,smt
36.77452,110.17452,0.0,top,R233,AC0603FR-0710KL,,R_0603_1608Metric,10k0,smt
77.225,144.975,90.0,top,R234,ESR03EZPJ3R3,,R_0603_1608Metric,3R3,smt
66.225,149.975,-90.0,top,R235,ESR03EZPJ3R3,,R_0603_1608Metric,3R3,smt
36.77452,107.12452,0.0,top,R236,RMCF0603FT19K6,,R_0603_1608Metric,19k6,smt
39.77452,107.12452,0.0,top,R237,AC0603FR-0710KL,,R_0603_1608Metric,10k0,smt
36.72452,113.37452,0.0,top,R238,AC0603FR-0710KL,,R_0603_1608Metric,10k0,smt
25.0,31.175,180.0,top,R24,RMCF0603JT3K30,,R_0603_1608Metric,3k3,smt
47.12452,106.57452,0.0,top,R246,AC0603FR-0710KL,,R_0603_1608Metric,10k0,smt
62.825,116.925,90.0,top,R247,RMCF0603FT499K,,R_0603_1608Metric,499k,smt
65.025,116.875,90.0,top,R248,ESR03EZPJ3R3,,R_0603_1608Metric,3R3,smt
53.12452,107.42452,0.0,top,R249,AC0603FR-0710KL,,R_0603_1608Metric,10k0,smt
15.75,27.95,-90.0,top,R25,WK73R2ATTD15R0F,,Resistor_SMD_0805_Wide,15R0,tht
65.92,129.835,180.0,top,R250,ESR03EZPJ3R3,,R_0603_1608Metric,3R3,smt
66.02,122.435,0.0,top,R251,ESR03EZPJ3R3,,R_0603_1608Metric,3R3,smt
60.021,54.601,90.0,top,R252,RMCF0603FT19K6,,R_0603_1608Metric,19k6,smt
59.005,61.459,-90.0,top,R253,AC0603FR-0710KL,,R_0603_1608Metric,10k0,smt
53.57452,113.42452,180.0,top,R254,AC0603FR-0710KL,,R_0603_1608Metric,10k0,smt
53.12452,105.92452,180.0,top,R255,AC0603FR-0710KL,,R_0603_1608Metric,10k0,smt
53.583847,111.856052,0.0,top,R256,RMCF0603FT19K6,,R_0603_1608Metric,19k6,smt
50.12452,107.42452,0.0,top,R257,RMCF0603FT100K,,R_0603_1608Metric,100k,smt
26.275,112.725,180.0,top,R258,RMCF0603FT10M0,,R_0603_1608Metric,10M,smt
23.15625,112.725,180.0,top,R259,RMCF0603FT10M0,,R_0603_1608Metric,10M,smt
15.625,110.6,0.0,top,R26,~,,R_0603_1608Metric,4k7,smt
26.25625,114.425,0.0,top,R260,RMCF0603FT10M0,,R_0603_1608Metric,10M,smt
23.24375,111.125,0.0,top,R261,RMCF0603FT10M0,,R_0603_1608Metric,10M,smt
26.30625,111.175,0.0,top,R262,RMCF0603FT10M0,,R_0603_1608Metric,10M,smt
26.30625,109.475,180.0,top,R263,RMCF0603FT10M0,,R_0603_1608Metric,10M,smt
24.025,108.725,-90.0,top,R264,AC0603FR-071ML,,R_0603_1608Metric,1M,smt
62.85,74.8,180.0,top,R267,AC0603FR-0710KL,,R_0603_1608Metric,10k0,smt
25.0,29.425,180.0,top,R27,AC0603FR-07100RL,,R_0603_1608Metric,100R,smt
92.716,137.412,0.0,top,R270,AC0603FR-071ML,,R_0603_1608Metric,1M,smt
89.662,137.414,0.0,top,R271,AC0603FR-071ML,,R_0603_1608Metric,1M,smt
86.614,137.414,0.0,top,R272,AC0603FR-071ML,,R_0603_1608Metric,1M,smt
83.566,137.414,0.0,top,R273,RMCF0603FT100K,,R_0603_1608Metric,100k,smt
44.196,28.194,-90.0,top,R274,AC0603FR-0710KL,,R_0603_1608Metric,10k0,smt
92.71,112.014,0.0,top,R275,AC0603FR-071ML,,R_0603_1608Metric,1M,smt
89.662,112.014,0.0,top,R276,AC0603FR-071ML,,R_0603_1608Metric,1M,smt
86.614,112.014,0.0,top,R277,AC0603FR-071ML,,R_0603_1608Metric,1M,smt
83.566,112.014,0.0,top,R278,RMCF0603FT100K,,R_0603_1608Metric,100k,smt
39.878,19.525,-90.0,top,R279,AC0603FR-0710KL,,R_0603_1608Metric,10k0,smt
25.0,27.675,180.0,top,R28,RMCF0603JT3K30,,R_0603_1608Metric,3k3,smt
71.8,101.075,180.0,top,R280,AC0603FR-0710KL,,R_0603_1608Metric,10k0,smt
51.2,58.475,90.0,top,R282,AC0603FR-0710KL,,R_0603_1608Metric,10k0,smt
15.75,24.45,-90.0,top,R29,WK73R2ATTD15R0F,,Resistor_SMD_0805_Wide,15R0,tht
55.175,78.575,0.0,top,R3,AC0603FR-071ML,,R_0603_1608Metric,1M,smt
12.55,112.075,0.0,top,R30,AC0603FR-07100RL,,R_0603_1608Metric,100R,smt
25.0,25.925,180.0,top,R31,AC0603FR-07100RL,,R_0603_1608Metric,100R,smt
25.0,24.175,180.0,top,R32,RMCF0603JT3K30,,R_0603_1608Metric,3k3,smt
15.75,20.95,-90.0,top,R33,WK73R2ATTD15R0F,,Resistor_SMD_0805_Wide,15R0,tht
13.675,159.325,180.0,top,R34,AC0603FR-0710KL,,R_0603_1608Metric,10k0,smt
25.0,22.425,180.0,top,R35,AC0603FR-07100RL,,R_0603_1608Metric,100R,smt
25.0,20.675,180.0,top,R36,RMCF0603JT3K30,,R_0603_1608Metric,3k3,smt
15.75,34.95,-90.0,top,R37,WK73R2ATTD15R0F,,Resistor_SMD_0805_Wide,15R0,tht
10.025,159.125,180.0,top,R38,RMCF0603FT100K,,R_0603_1608Metric,100k,smt
25.0,36.425,180.0,top,R39,AC0603FR-07100RL,,R_0603_1608Metric,100R,smt
56.625,103.575,0.0,top,R4,AC0603FR-071ML,,R_0603_1608Metric,1M,smt
25.0,34.675,180.0,top,R40,RMCF0603JT3K30,,R_0603_1608Metric,3k3,smt
15.75,38.45,-90.0,top,R41,WK73R2ATTD15R0F,,Resistor_SMD_0805_Wide,15R0,tht
14.0,160.925,180.0,top,R42,RMCF0603FT100K,,R_0603_1608Metric,100k,smt
25.0,39.925,180.0,top,R43,AC0603FR-07100RL,,R_0603_1608Metric,100R,smt
25.0,38.175,180.0,top,R44,RMCF0603JT3K30,,R_0603_1608Metric,3k3,smt
15.75,41.95,-90.0,top,R45,WK73R2ATTD15R0F,,Resistor_SMD_0805_Wide,15R0,tht
17.125,160.925,180.0,top,R46,RMCF0603FT100K,,R_0603_1608Metric,100k,smt
25.0,43.425,180.0,top,R47,AC0603FR-07100RL,,R_0603_1608Metric,100R,smt
24.984999,41.675,180.0,top,R48,RMCF0603JT3K30,,R_0603_1608Metric,3k3,smt
15.75,45.45,-90.0,top,R49,WK73R2ATTD15R0F,,Resistor_SMD_0805_Wide,15R0,tht
62.725,103.575,0.0,top,R5,RN73R1JTTD3202B25,,R_0603_1608Metric,32k0,smt
79.071,168.647,180.0,top,R50,SQP10AJB-100R,,R_Axial_Power_L50.0mm_W9.0mm_P55.88mm,100R,tht
25.0,46.925,180.0,top,R51,AC0603FR-07100RL,,R_0603_1608Metric,100R,smt
25.0,45.175,180.0,top,R52,RMCF0603JT3K30,,R_0603_1608Metric,3k3,smt
15.75,48.95,-90.0,top,R53,WK73R2ATTD15R0F,,Resistor_SMD_0805_Wide,15R0,tht
93.1925,162.364,0.0,top,R54,AC0603FR-071ML,,R_0603_1608Metric,1M,smt
25.0,50.425,180.0,top,R55,AC0603FR-07100RL,,R_0603_1608Metric,100R,smt
25.0,48.675,180.0,top,R56,RMCF0603JT3K30,,R_0603_1608Metric,3k3,smt
15.75,52.45,-90.0,top,R57,WK73R2ATTD15R0F,,Resistor_SMD_0805_Wide,15R0,tht
86.981,162.364,0.0,top,R58,AC0603FR-071ML,,R_0603_1608Metric,1M,smt
25.0,53.925,180.0,top,R59,AC0603FR-07100RL,,R_0603_1608Metric,100R,smt
65.725,103.575,0.0,top,R6,RMCF0603FT13K0,,R_0603_1608Metric,13k0,smt
25.0,52.175,180.0,top,R60,RMCF0603JT3K30,,R_0603_1608Metric,3k3,smt
15.75,55.95,-90.0,top,R61,WK73R2ATTD15R0F,,Resistor_SMD_0805_Wide,15R0,tht
83.881,162.364,0.0,top,R62,RMCF0603FT100K,,R_0603_1608Metric,100k,smt
25.0,57.425,180.0,top,R63,AC0603FR-07100RL,,R_0603_1608Metric,100R,smt
25.0,55.675,180.0,top,R64,RMCF0603JT3K30,,R_0603_1608Metric,3k3,smt
15.75,59.45,-90.0,top,R65,WK73R2ATTD15R0F,,Resistor_SMD_0805_Wide,15R0,tht
41.656,28.194,-90.0,top,R66,AC0603FR-0710KL,,R_0603_1608Metric,10k0,smt
25.0,60.925,180.0,top,R67,AC0603FR-07100RL,,R_0603_1608Metric,100R,smt
25.0,59.175,180.0,top,R68,RMCF0603JT3K30,,R_0603_1608Metric,3k3,smt
31.8,99.45,90.0,top,R69,RMCF0603FT20R0,,R_0603_1608Metric,20R0,smt
46.125,61.875,-90.0,top,R7,AC0603FR-07100RL,,R_0603_1608Metric,100R,smt
77.275,86.525,180.0,top,R70,AC0603FR-0710KL,,R_0603_1608Metric,10k0,smt
77.975,93.475,0.0,top,R71,AC0603FR-0710KL,,R_0603_1608Metric,10k0,smt
12.525,113.775,180.0,top,R72,RMCF0603FT1K30,,R_0603_1608Metric,1k3,smt
15.675,112.15,0.0,top,R73,~,,R_0603_1608Metric,4k7,smt
23.15625,114.425,0.0,top,R74,AC0603FR-071ML,,R_0603_1608Metric,1M,smt
41.125,101.15,-90.0,top,R75,AC0603FR-0710KL,,R_0603_1608Metric,10k0,smt
38.475,97.975,-90.0,top,R76,RN73R1JTTD3202B25,,R_0603_1608Metric,32k0,smt
43.9,78.95,90.0,top,R77,RMCF0603FT100K,,R_0603_1608Metric,100k,smt
35.775,101.025,-90.0,top,R78,RMCF0603FT499K,,R_0603_1608Metric,499k,smt
36.925,97.975,-90.0,top,R79,RQ73C1J26K1BTD,,R_0603_1608Metric,26k1 0.1%,smt
61.1,87.175,-90.0,top,R8,ESR03EZPJ3R3,,R_0603_1608Metric,3R3,smt
45.797,66.539,0.0,top,R80,AC0603FR-0710KL,,R_0603_1608Metric,10k0,smt
15.75,73.45,-90.0,top,R81,WK73R2ATTD15R0F,,Resistor_SMD_0805_Wide,15R0,tht
78.875,85.025,180.0,top,R82,AC0603FR-07100RL,,R_0603_1608Metric,100R,smt
25.0,74.925,180.0,top,R83,AC0603FR-07100RL,,R_0603_1608Metric,100R,smt
25.0,73.175,180.0,top,R84,RMCF0603JT3K30,,R_0603_1608Metric,3k3,smt
15.75,69.95,-90.0,top,R85,WK73R2ATTD15R0F,,Resistor_SMD_0805_Wide,15R0,tht
76.525,88.775,90.0,top,R86,AC0603FR-0710KL,,R_0603_1608Metric,10k0,smt
25.0,71.425,180.0,top,R87,AC0603FR-07100RL,,R_0603_1608Metric,100R,smt
25.0,69.675,180.0,top,R88,RMCF0603JT3K30,,R_0603_1608Metric,3k3,smt
15.75,66.45,-90.0,top,R89,WK73R2ATTD15R0F,,Resistor_SMD_0805_Wide,15R0,tht
31.375,59.375,0.0,top,R9,RMCF0603FT20R0,,R_0603_1608Metric,20R0,smt
20.225,160.925,180.0,top,R90,RMCF0603FT100K,,R_0603_1608Metric,100k,smt
25.0,67.925,180.0,top,R91,AC0603FR-07100RL,,R_0603_1608Metric,100R,smt
25.0,66.175,180.0,top,R92,RMCF0603JT3K30,,R_0603_1608Metric,3k3,smt
15.75,62.95,-90.0,top,R93,WK73R2ATTD15R0F,,Resistor_SMD_0805_Wide,15R0,tht
29.5,120.0,0.0,top,R94,RMCF0603FT499K,,R_0603_1608Metric,499k,smt
25.0,64.425,180.0,top,R95,AC0603FR-07100RL,,R_0603_1608Metric,100R,smt
25.0,62.675,180.0,top,R96,RMCF0603JT3K30,,R_0603_1608Metric,3k3,smt
15.75,76.95,-90.0,top,R97,WK73R2ATTD15R0F,,Resistor_SMD_0805_Wide,15R0,tht
81.125,92.725,0.0,top,R98,AC0603FR-07100RL,,R_0603_1608Metric,100R,smt
25.0,78.425,180.0,top,R99,AC0603FR-07100RL,,R_0603_1608Metric,100R,smt
3.61,43.25,-90.0,top,TH1,B57355V5104F360,,R_0603_1608Metric,Thermistor_NTC,smt
3.57,83.21,90.0,top,TH2,B57355V5104F360,,R_0603_1608Metric,Thermistor_NTC,smt
54.6,70.875,90.0,top,U1,DSPIC33EP64GP506-I/PT,,TQFP-64_10x10mm_P0.5mm,PIC33EP256MC506,smt
24.276,13.779,-90.0,top,U10,TLV8541DBVR,,SOT-23-5,OPA320-Q1,smt
36.325,40.325,0.0,top,U11,,,SSOP-44_5.3x12.8mm_P0.5mm,LTC6802-1,smt
42.926,22.352,90.0,top,U12,"TLX9185A(GBTPL,F",,SO-4_4.4x3.9mm_P2.54mm,"TLX9185A(GBTPL,F",smt
64.575,29.675,-90.0,top,U13,ADUM1281ARZ-RL7,,SOIC-8_3.9x4.9mm_P1.27mm,ADUM1281ARZ-RL7,smt
75.65,29.625,-90.0,top,U14,ADUM1281ARZ-RL7,,SOIC-8_3.9x4.9mm_P1.27mm,ADUM1281ARZ-RL7,smt
57.2,22.275,-90.0,top,U15,"TLX9185A(GBTPL,F",,SO-4_4.4x3.9mm_P2.54mm,"TLX9185A(GBTPL,F",smt
49.6,22.375,-90.0,top,U16,"TLX9185A(GBTPL,F",,SO-4_4.4x3.9mm_P2.54mm,"TLX9185A(GBTPL,F",smt
68.525,61.6,-90.0,top,U17,CD4051BQPWRG4Q1,,TSSOP-16_4.4x5mm_P0.65mm,CD4051B,smt
72.325,112.275,90.0,top,U18,,,MSOP-10-1EP_3x3mm_P0.5mm_EP1.68x1.88mm_ThermalVias,LTC7001,smt
21.475,137.075,-90.0,top,U19,ACS72981LLRATR-100B5,,Allegro_PSOF-7_4.8x6.4mm_P1.60mm,ACS72981LLRATR-100B5,smt
87.95,30.462,0.0,top,U2,UA78L05ACDR,,SOIC-8_3.9x4.9mm_P1.27mm,LM2931-5.0_SO8,smt
54.179,125.467,90.0,top,U20,,,SOIC-8_3.9x4.9mm_P1.27mm,CT415-HSN820DR,smt
44.97452,111.52452,0.0,top,U21,LMV393,,SOIC-8_3.9x4.9mm_P1.27mm,LMV393,smt
62.425,112.075,90.0,top,U22,,,MSOP-10-1EP_3x3mm_P0.5mm_EP1.68x1.88mm_ThermalVias,LTC7001,smt
29.80625,108.375,90.0,top,U23,TLV8541DBVR,,SOT-23-5,OPA320-Q1,smt
51.15,36.925,90.0,top,U24,INA181A2IDBVT,,SOT-23-6,INA181,smt
63.675,37.05,-90.0,top,U25,INA181A3QDBVRQ1,,SOT-23-6,INA181,smt
68.525,71.0,-90.0,top,U26,CD4051BQPWRG4Q1,,TSSOP-16_4.4x5mm_P0.65mm,CD4051B,smt
50.025,13.175,-90.0,top,U27,FAN3216TMX-F085,,SOIC-8_3.9x4.9mm_P1.27mm,FAN3216TMX-F085,smt
70.5,91.475,-90.0,top,U3,TLV733P-Q1,,SOT-23-5,TPS73633DBV,smt
54.3,88.325,-90.0,top,U4,LTC3638,,Linear_MSOP-12-16-1EP_3x4mm_P0.5mm,LTC3638,smt
68.55,52.275,-90.0,top,U5,CD4051BQPWRG4Q1,,TSSOP-16_4.4x5mm_P0.65mm,CD4051B,smt
36.375,84.075,0.0,top,U6,,,SSOP-44_5.3x12.8mm_P0.5mm,LTC6802-1,smt
69.875,17.1,180.0,top,U7,,,SSOP-20_3.9x8.7mm_P0.635mm,FT231XS,smt
88.083,22.069,-90.0,top,U8,MCP2562-E-SN,,SOIC-8_3.9x4.9mm_P1.27mm,MCP2562-E-SN,smt
75.275,103.625,0.0,top,U9,AP22652W6-7,,SOT-23-6,TPS2551-Q1,smt
55.4,81.375,0.0,top,Y1,NX5032GA-8.000M-STD-CSU-1,,Crystal_SMD_5032-2Pin_5.0x3.2mm,8MHz,smt
